LOCALITY_NAME,PRICE,PRICE_PER_SQFT,AREA,LATITUDE,LONGITUDE,LOG_PRICE
4 bunglows,42400000.0,33314.740000000005,1282.0,19.04485238,72.91015692,17.562658943787092
aarey milk colony,16500000.0,9166.67,1800.0,19.1561292,72.8707223,16.61887099947687
adaigaon,4150000.0,5731.48,737.5,19.0086,73.1282,15.238619133170708
adarsh nagar,33000000.0,22758.62,1450.0,19.0622146,72.8289581,17.312018149733785
adharwadi,9000000.0,9523.81,945.0,20.4844919,75.4606676,16.012735246411598
adivali,5074500.0,11819.625,429.5,19.2975649,73.2622325,15.43973875293474
airoli,15614285.714285715,20838.766428571427,780.5,19.1585147,72.99940185,16.563696868135366
akurli,4236000.0,11356.57,373.0,19.1981585,72.8604905,15.259130221775171
altamount road,420000000.0,116666.67,3600.0,18.96624119,72.80906978,19.85576527162264
ambedkar nagar,23000000.0,21863.12,1052.0,19.0015921,72.8442272,16.951004817371683
ambernath,3681608.695652174,7576.538260869565,503.2608695652174,19.2015607,73.2004771,15.118860631802843
ambernath east,3533625.0,5941.7125,1288.625,19.2075,73.1853,15.077835097172635
ambernath west,5342857.142857143,5911.998571428571,940.4285714285714,19.2098,73.1862,15.491271300495205
amboli,55414285.71428572,29671.25285714286,1924.7142857142858,20.2882731,79.6312988,17.830348001400772
anand nagar,7223470.588235294,12290.444705882353,623.8823529411765,20.9252581,77.740353,15.792846224703068
andheri east,22361111.111111112,22159.83111111111,1032.111111111111,19.1158835,72.854202,16.922833941647223
andheri west,56661942.85714286,32630.30514285714,1847.2285714285715,19.1172495,72.833968,17.852613359175667
anjurdive,9425000.0,11904.865,782.0,19.2298,73.0349,16.05887639739914
asangaon,2500000.0,4545.45,550.0,19.4399615,73.3081462,14.731801689838349
asha nagar,48950000.0,28992.126666666667,1618.6666666666667,19.21171635,72.86469911,17.706309947369803
avdhut nagar,6500000.0,20000.0,325.0,19.2592685,72.8620869,15.687312888712007
babrekar nagar,28900000.0,15621.62,1850.0,19.17763155,72.81034983,17.179352187684735
badlapur,3429181.8181818184,5734.215454545455,654.1818181818181,19.1666237,73.2389064,15.04783254532913
badlapur east,3141857.1428571427,4413.335714285714,775.2857142857143,19.15326635,73.24120848,14.96032494810156
badlapur west,2639181.8181818184,5265.098181818182,569.0,19.2389883,73.13671577,14.785979888638055
balkum,15752380.952380951,18772.916666666668,838.0952380952381,19.22169075,72.98449242,16.572502146872854
balkum pada,19900000.0,16994.02,1171.0,19.215719,72.9912702,16.806230339945976
band stand,250000000.0,86206.9,2900.0,19.04562925,72.82098432,19.33697147982652
bandra east,88250000.0,53473.076875,1676.75,19.0616565,72.8498111,18.295684265109124
bandra kurla complex,91312500.0,34810.82875,2643.25,19.067115,72.8657245,18.329798258426596
bandra west,123875000.0,63755.64083333333,1830.75,19.0583358,72.8302669,18.63478355868708
belapur,19940000.0,18231.64,1037.0,19.6197639,74.6599008,16.808238372648418
bevarly park,7900000.0,9069.655,881.5,19.2936,72.8715,15.882373444019521
bhadra nagar,5597857.142857143,10740.557142857142,521.2857142857143,19.1883,73.0862,15.53789460805356
bhandup west,14970428.57142857,20861.2725,827.3928571428571,19.1462636,72.9339461,16.521587451470314
bhayandarpada,5600000.0,10546.14,531.0,19.2861,72.9505,15.53827733427679
bhayander east,6500000.0,10078.125,645.0,19.3053025,72.8557264,15.687312888712007
bhayander west,9400000.0,19624.22,479.0,19.300674,72.8498149,16.056220353623207
bhivpuri,1400000.0,4000.0,350.0,18.9369773,73.4338403,14.151983508870947
bhiwandi,5580000.0,7284.464,779.6,19.3025562,73.0588072,15.534699513568947
bolinj,4900000.0,6086.96,805.0,19.4445163,72.7942676,15.404745967162468
borivali east,47602380.952380955,36283.567142857144,1295.547619047619,19.2267228,72.8619328,17.678393358966044
borivali west,18812500.0,25316.205625,750.8125,19.2313925,72.8408607,16.750032153629512
brahmand,11257571.42857143,17294.994285714285,647.8571428571429,19.2469649,72.9818412,16.236551564943202
breach candy,78750000.0,59132.42,1330.0,18.9714363,72.8051492,18.18178884836843
byculla,47484615.384615384,27123.217692307695,1666.6923076923076,18.9766219,72.8327936,17.67591635096204
byculla east,67928571.42857143,51586.00785714285,1349.2142857142858,18.9736935,72.8367795,18.03396730561575
byculla west,13000000.0,17287.23,752.0,18.9750879,72.8282502,16.380459992348886
caesar road,13500000.0,32451.92,416.0,19.20382475,73.12026541,16.41820031748273
chakala,52800000.0,28114.98,2096.6666666666665,19.1152873,72.8618085,17.782021767615884
chandan shanti,7200000.0,10285.71,700.0,19.2874,72.8737,15.789591722875162
chandanwadi,35000000.0,43370.51,807.0,16.8366507,74.63661546,17.370858648025116
chandivali,18060869.56521739,22575.571739130435,840.4347826086956,19.1091482,72.8945793,16.709258308845456
charkop,12050000.0,18601.339999999997,648.5,19.2141193,72.8258652,16.304575300888487
chembur,30381666.666666668,31119.195,973.3333333333334,19.054818,72.89797130000001,17.229349947195637
chembur east,22750000.0,27995.24727272727,1247.1818181818182,19.07505461,72.85637752,16.940075747317277
chembur west,18266666.666666668,19854.086666666666,921.6666666666666,19.07156118,72.88538933,16.72058851799466
chincholi bunder,26900000.0,17933.33,1500.0,19.17925769,72.83572448,17.10763688174679
chinchpokli east,11000000.0,36666.67,300.0,18.98675573,72.8391943,16.213405921671733
chirak nagar,17500000.0,14000.0,1250.0,19.2111,72.9704,16.677711496036597
chunabhatti,21500000.0,18534.48,1160.0,19.0517703,72.8690974,16.88356353960952
churchgate,120000000.0,64864.86,1850.0,18.9354797,72.8271741,18.603002309079653
colaba,25000000.0,44642.86,560.0,18.915091,72.8259691,17.034386422832473
colaba post office,42000000.0,52500.0,800.0,18.9111153,72.8208482,17.553180200057167
cuffe parade,59000000.0,57281.55,1030.0,18.9157866,72.8189036,17.893048018819147
cumbala hill,117500000.0,79931.97,1470.0,18.9634974,72.8087763,18.581948900059125
curry road east,7500000.0,12500.0,600.0,18.994,72.833,15.830413711839864
dadar,34800000.0,53558.736666666664,635.0,19.0177342,72.8437523,17.365127973480334
dadar east,47900000.0,41806.683333333334,1097.3333333333333,19.0162531,72.8522274,17.68462608325797
dadar west,73316666.66666667,48217.46666666667,1580.5,19.0238887,72.8382236,18.110298530730358
dahanukar wadi,26900000.0,18487.97,1455.0,19.2085,72.8375,17.10763688174679
dahisar east,9611363.636363637,17985.746363636365,540.9090909090909,19.2486925,72.8640593,16.07845677256796
dahisar west,22450000.0,22647.675,1015.0,19.16280243,72.83487909,16.926801216695967
dattanagar,6900000.0,11596.64,595.0,17.0806407,74.8134828,15.747032114495013
deonar,27166666.666666668,26920.823333333334,1010.0,19.0475502,72.9051895,17.117501326352798
devdaya nagar ,27500000.0,25000.0,1100.0,19.2149044,72.9583943,17.129696599000436
devipada,32500000.0,22965.195,1433.5,19.2252681,72.8651415,17.296750678069195
dhakoji sethpada,32000000.0,42666.67,750.0,19.1265,72.8416,17.281246492014
dhokali,10992307.692307692,15175.451538461539,761.2307692307693,19.2255786,72.9845436,16.212706376411262
dindoshi,14600000.0,26071.43,560.0,19.1740198,72.8695219,16.496532155171714
diva,3904200.0,6827.4839999999995,609.0,19.1887564,73.0414169,15.177563710845517
dn nagar,38858333.333333336,37990.30333333334,1006.25,19.1278285,72.8308602,17.475433137725055
dn nager,35100000.0,21208.46,1655.0,19.1229,72.8301,17.373711716926124
dombivli,4200000.0,6043.17,695.0,19.2148599,73.0910271,15.250595321348806
dombivli east,6665752.475247525,11156.2799009901,607.6534653465346,19.2111814,73.091129,15.712493554754843
dombivli west,5409090.909090909,9342.705454545454,593.7272727272727,19.2221822,73.0809274,15.50359178259142
dronagiri,7599375.0,11159.27875,686.0,18.8813327,72.9647315,15.84357669662258
four bungalows,70000000.0,35000.0,2000.0,19.1287942,72.8255543,18.064005814299346
gamdevi,38500000.0,46951.22,820.0,18.9584855,72.8122522,17.46616882523204
gandhi nagar,68000000.0,48452.95,1519.0,20.67515,79.9602985,18.035018277846262
garodia nagar,23000000.0,28606.97,804.0,19.0741334,72.9085221,16.951004817371683
gauripada,12000000.0,16666.67,720.0,19.2513,73.1533,16.300417291085605
gavanpada,11000000.0,23605.15,466.0,19.1720445,72.96625185,16.213405921671733
ghansoli,22123957.746478874,20588.718169014086,1162.112676056338,19.11637965,73.00699279,16.91217168544476
ghatkopar east,28734782.608695652,32084.144782608695,835.3913043478261,19.0834898,72.9120255,17.17361891931256
ghatkopar west,23743875.0,24906.47375,849.125,19.0897194,72.9045972,16.98283520256364
ghatla,31780000.0,29221.182,1085.6,19.0517387,72.9103117,17.274347750539174
ghodbunder road,11585050.0,14049.7345,804.8,19.21594668,72.97815577,16.265226118083206
golavli,5800000.0,13119.41,445.0,19.2102,73.1137,15.573368647930426
goregaon east,36519976.744186044,27332.486511627907,1282.8372093023256,19.1692623,72.8552548,17.413370004276455
goregaon west,33800000.0,31588.21210526316,1049.1842105263158,19.1633281,72.8411995,17.335971390039045
gowalia tank,500000000.0,120510.97,4149.0,18.962095,72.81009812,20.030118658386467
gulmohar colony,74083333.33333333,47965.44333333333,1700.0,18.587773,73.7813709,18.120701157188492
gulmohar road,100000000.0,48214.285,2050.0,19.10503541,72.83680964,18.420680753952364
hanuman chowk,20700000.0,27860.03,743.0,18.3997373,76.5813272,16.845644306544774
hanuman nagar,112500000.0,45760.736666666664,2492.0,19.8645643,75.3619266,18.538463788497637
hari om nagar,21000000.0,26083.725,805.0,16.68528935,74.20214579,16.860033043306743
hariyali,10833333.333333334,19051.433333333334,622.6666666666666,19.1136865,72.929775,16.198138450939545
hatkesh udhog nagar,9000000.0,12369.66,792.5,19.2814,72.8789,16.012735246411598
hiranandani estate,29472815.533980582,22818.68786407767,1251.0,19.2570093,72.9839263,17.198978923068033
hiranandani gardens powai,55522641.50943396,36697.29981132076,1567.4528301886792,19.1183882,72.911464,17.832301468661203
hiranandani meadows,29157142.85714286,20819.277142857143,1427.142857142857,19.2274375,72.97185296,17.188210513021673
ic colony,14250000.0,23826.445,592.5,19.2476667,72.8479863,16.47226753485437
indralok phase 3,10500000.0,10937.5,960.0,19.30140477,72.86488947,16.166885910365842
jagdusha nagar,12500000.0,20833.33,600.0,19.0949344,72.9088515,16.341239282272525
jankalyan nagar,12500000.0,21667.225,570.0,19.1068579,72.8671624,16.341239282272525
jawahar nagar,10500000.0,25925.93,405.0,21.1192357,79.105937,16.166885910365842
jijamata nagar,25600000.0,18196.36333333333,1341.6666666666667,19.09396185,72.89462495,17.05810294851229
jk gram,15335294.11764706,22172.7,695.7058823529412,19.0514449,73.06531216,16.545667600056564
jogeshwari east,23385714.285714287,25335.802857142855,887.5714285714286,19.1429737,72.855068,16.9676359360472
jogeshwari west,15000000.0,27182.26,545.6666666666666,19.136394,72.8373817,16.52356082573315
juhu,87690000.0,47152.912,1944.6,19.1070215,72.8275275,18.28931843715935
juhu circle,81250000.0,33626.705,2424.0,19.1155173,72.8300035,18.213041391481813
juhu lane,36000000.0,40000.0,900.0,19.11474598,72.83976029,17.399029524198163
juhu scheme,48750000.0,55357.145000000004,900.0,19.1050421,72.8272931,17.70221577592095
jui nagar,33883333.333333336,39450.35722222223,1064.888888888889,19.0559456,73.01824949,17.338433838883553
jvlr,29390909.09090909,28630.867272727275,1083.8181818181818,19.12108294,72.89916324,17.196196003921415
jvpd scheme,102444444.44444445,55963.09333333333,1811.7777777777778,19.1111705,72.8304076,18.44483121394604
kala nagar,60000000.0,36363.64,1650.0,19.0546701,72.8485093,17.909855136853043
kalamboli,6918666.666666667,8160.734666666667,887.3333333333334,19.0344708,73.1149672,15.749733775338166
kalher,3068555.5555555555,7269.451666666666,445.94444444444446,19.2470586,73.0162096,14.936717831651887
kalina,40000000.0,35119.05,1070.0,19.079273,72.8612672,17.50439003707821
kalwa,8800000.0,15736.61,562.3333333333334,19.1953415,72.9967893,15.990262393084793
kalyan,14200000.0,14045.5,1011.0,19.2396742,73.1366482,16.468752592994022
kalyan east,6527272.7272727275,8879.626363636364,753.0,19.2278526,73.1322955,15.691499914423414
kalyan west,5039920.0,8318.996799999999,629.48,19.240353,73.1252789,15.43290096532153
kamatghar,3750000.0,3151.26,1190.0,19.2791446,73.0515718,15.137266664613225
kamothe,8612000.0,9618.264,948.6,19.0164338,73.0806552,15.96866725358343
kanchpada,30000000.0,25434.475,1397.5,19.192,72.8383,17.216707972959764
kandarpada,18000000.0,20464.573333333334,930.0,19.2566337,72.850504,16.705882371415992
kandivali east,22687878.78787879,24147.073030303032,973.5454545454545,19.2103809,72.8640837,16.93734140981083
kandivali west,16920000.0,19987.313333333335,865.2,19.2084439,72.8420309,16.644006971244004
kanjurmarg east,20052000.0,25302.617199999997,812.12,19.1296868,72.9283701,16.813839507235866
kanjurmarg west,22659090.90909091,24048.805454545454,945.0454545454545,19.1281626,72.9260991,16.936071738140246
kannamwar nagar 1,8562500.0,15405.585000000001,597.1666666666666,19.120555,72.93856926,15.962902878340932
kannamwar nagar 2,8300000.0,18074.856666666667,496.0,19.1168383,72.9401198,15.931766193248746
karanjade,4463166.666666667,7669.458333333333,602.0,20.4836,77.4809,15.311369311058703
karave nagar,60000000.0,17910.45,3350.0,18.4915,73.8217,17.909855136853043
karjat,3022500.0,6383.327499999999,501.75,18.9127655,73.3228202,14.921595192322973
kasar vadavali,7299833.333333333,12065.818333333333,610.6666666666666,19.2679,72.9712,15.803362211797179
kasaravadi,34200000.0,27580.65,1240.0,18.6080927,73.8208678,17.3477362312726
kasheli,2750000.0,4444.445,645.0,19.2362651,73.0147061,14.827111833279051
kashimira,6500000.0,15294.12,425.0,19.2755399,72.8841851,15.687312888712007
katrap,3433333.3333333335,4116.118888888889,836.6666666666666,19.1685323,73.2272798,15.049042455793849
kavesar,16660000.0,11205.711,1589.1,19.2623339,72.9722476,16.62852125472698
kewale,3350000.0,6963.839999999999,516.5,19.0234,73.1575,15.024471202308668
khadakpada,14350000.0,11841.003333333334,1121.6666666666667,19.2525044,73.1373763,16.47926056985631
khanda colony,11033333.333333334,16841.483333333334,657.3333333333334,19.0060098,73.1075094,16.21643164231362
khandeshwar,6500000.0,8666.67,750.0,19.0073498,73.0952827,15.687312888712007
khar west,78328571.42857143,57421.68142857143,1425.357142857143,19.0682411,72.8400412,18.1764230040857
kharghar,15184861.842105264,16259.056644736842,942.4407894736842,19.025773,73.05918453,16.535809623961875
"kharghar,sector 23",27000000.0,31764.71,850.0,19.0525298,73.0735111,17.11134746100564
kharkar alley,8000000.0,15384.62,520.0,19.1962,72.9807,15.894952224644102
khoni,6200000.0,6200.0,1000.0,19.3153959,73.0557553,15.64006001130563
khopat,7800000.0,9750.0,800.0,19.2034255,72.9718687,15.86963441986494
kolshet,16300000.0,20292.54,764.5,19.2389025,72.9932692,16.60667572712668
kolshet road,13132793.103448275,17745.291724137933,754.5172413793103,19.22885968,72.98311885,16.390623026644068
koperkhairane,16772750.0,20375.815625,987.0,19.09720145,72.99814975,16.63526616327963
kulgaon,2800000.0,4216.87,664.0,19.1650196,73.237532,14.845130332288226
kurar village,4950000.0,15000.0,330.0,19.1905,72.8639,15.414898336565054
kurla east,15043192.307692308,24449.206923076923,599.3461538461538,19.0628944,72.8825604,16.526436174939235
kurla west,13318062.5,21723.570625,615.5,19.0686026,72.876583,16.404631829624517
kutak bandhan,9900000.0,8354.43,1185.0,19.07134945,73.07852515,16.108045416114916
lal baug,68500000.0,32665.71,2097.0,18.9935288,72.8424069,18.042344317830995
laxmi nagar,31833333.333333332,24657.093333333334,1324.0,19.0908037,72.9167981,17.27602454819646
lbs marg,28133333.333333332,20290.093333333334,1358.3333333333333,19.08426895,72.88407956,17.1524657064431
lic colony,17500000.0,33980.58,515.0,19.9675811,73.77157446,16.677711496036597
lokhandwala andheri west,100000000.0,25378.79,3900.0,19.13187099,72.82563577,18.420680753952364
lokhandwala kandivali east,28128571.42857143,25248.74142857143,1183.0,19.19888812,72.87288428,17.152296430105082
lokmanya nagar,4100000.0,5466.67,750.0,21.1108046,79.001754,15.226497775576945
louis wadi,41000000.0,21298.7,1925.0,19.1962955,72.9623222,17.529082649058825
louiswadi thane west 400604.,8000000.0,12307.69,650.0,19.193,72.9616,15.894952224644102
lower parel,63450000.0,41890.4625,1580.6666666666667,18.99568,72.8302756,17.965762767885114
magathane,12546428.57142857,24628.244285714285,507.2857142857143,19.2167968,72.8668012,16.344946686764803
mahajan wadi,8573750.0,15002.8875,571.5,19.17208695,72.9547352,15.96421588443074
mahakali caves,14800000.0,17848.485,850.0,19.1306093,72.87381645,16.51013780630191
mahalaxmi,106443333.33333333,58516.524333333335,1742.1333333333334,18.9825203,72.8242196,18.483123329525743
mahavir nagar,12800000.0,26947.37,475.0,19.2133846,72.84197344,16.36495580701484
mahesh nagar,45000000.0,27272.73,1650.0,20.8995915,77.745256,17.622173069956816
mahim west,39725000.0,41426.43,965.5,19.0317058,72.8408104,17.497491295560117
majiwada,14203448.27586207,18298.011379310345,783.3793103448276,19.213025100000003,72.9784852,16.46899539982527
malabar hill,172142857.14285713,78348.75714285715,2096.285714285714,18.9581616,72.8033665,18.963835260642846
malad east,29324242.424242426,21813.661818181816,1359.2424242424242,19.1860219,72.8563181,17.19392515248617
malad west,20198115.384615384,25061.114230769228,803.9615384615385,19.1852851,72.8358611,16.821099909737175
malvani,5213333.333333333,13072.003333333334,396.6666666666667,19.1982684,72.8093427,15.466730196229168
maneklal estate,13000000.0,24074.07,540.0,19.0899,72.9014,16.380459992348886
manisha nagar,5000000.0,7936.51,630.0,19.1969825,72.9917693,15.424948670398354
manpada,19954166.666666668,17831.655208333334,1148.3333333333333,19.2314156,72.9738156,16.808948585079737
marol,19248552.63157895,22177.63342105263,905.1052631578947,19.1172198,72.882342,16.772946479853342
mathuras road kandivali,15500000.0,9967.85,1555.0,19.204511,72.837639,16.5563506464056
matunga,51400000.0,48442.19666666667,1041.4444444444443,19.0274356,72.8501467,17.755148749880647
matunga east,102625000.0,59937.4175,1767.75,19.0261579,72.8520846,18.44659213548108
matunga west,50166666.666666664,33423.84333333333,1508.0,19.0317259,72.8433917,17.730861373418648
mhada colony,14500000.0,21323.53,680.0,20.2511706,75.7665521,16.489659276356317
midc industrial area,14500000.0,14871.79,975.0,16.85006775,74.63945746,16.489659276356317
mindspace,31500000.0,21920.67,1437.0,19.18478475,72.83413496,17.265498135541893
mint colony,11000000.0,18333.33,600.0,18.99534575,72.84463259,16.213405921671733
mira bhayandar,9724933.333333334,15408.548666666667,628.0666666666667,19.3183904,72.8991697,16.090203695089517
mira road,9467571.42857143,14034.982857142857,700.5238095238095,19.2816975,72.8560676,16.06338308896082
mira road east,12139894.736842105,13003.687894736842,970.2631578947369,19.2948873,72.8678432,16.312007755160238
model town,36300000.0,29259.3,1179.5,19.1331581,72.8690001,17.40732832678329
mota nagar,19800000.0,26902.17,736.0,19.0551002,72.8305478,16.801192546169812
moti nagar,13500000.0,15000.0,900.0,19.30513204,72.84854711,16.41820031748273
mulund east,19456774.19354839,22907.67258064516,856.0967741935484,19.1704719,72.9610447,16.783705906372703
mulund west,30845447.154471546,26621.15837398374,1127.30081300813,19.1719717,72.9511956,17.244499749762394
mumbai central,39800000.0,26855.6,1482.0,18.9695855,72.8193152,17.499377495380294
nahur,21281818.181818184,29185.255454545455,739.9090909090909,19.1543618,72.9464735,16.873363706651233
naidu colony,16500000.0,19411.76,850.0,19.0815,72.9159,16.61887099947687
naigaon,3000000.0,7317.07,410.0,19.3510925,72.8465229,14.914123179965662
naigaon east,4890111.111111111,10546.842222222222,466.8333333333333,19.0137554,72.84629429,15.402725787795834
nalasopara east,4250000.0,6990.13,608.0,19.41744235,72.81759746,15.26242977619469
nalasopara west,2974800.0,6090.406,517.0,19.41744235,72.81759746,14.905687703968278
nallasopara,3350000.0,4527.03,740.0,19.4188363,72.8256898,15.024471202308668
napean sea road,67750000.0,63219.33500000001,1057.5,18.95608665,72.79918967,18.031335032484233
naupada,16185714.285714285,21238.737142857142,744.2857142857143,19.1896853,72.9696845,16.599639638725797
navi mumbai nerul east,1500000.0,4166.67,360.0,19.0263069,73.01062538,14.220976332738882
nehru nagar,11832666.666666666,24012.039999999997,492.6666666666667,19.0010485,72.8194265,16.28637471067412
neral,2632500.0,4950.295,555.0,19.0274308,73.3184369,14.783444902857243
nere,2650000.0,7123.66,372.0,18.6337128,73.6956843,14.790070575320824
nerul,34647727.27272727,27267.76068181818,1395.7045454545455,19.03359375,73.01816401,17.360742719336244
nerul east,22500000.0,15625.0,1440.0,19.0370909,73.0233188,16.929025911619092
new mig colony,65500000.0,34473.68,1900.0,19.0572,72.8436,17.997560715872655
new panvel,7662666.666666667,11703.186666666666,665.5333333333333,18.9993761,73.1239899,15.851870740444522
new panvel sec 15a,6500000.0,10077.52,645.0,18.9916,73.125,15.687312888712007
new prabhadevi road,8999000.0,32139.29,280.0,19.01057552,72.82871159,16.01262412913954
nilje gaon,6700000.0,6102.0,1098.0,19.1557,73.078,15.717618233614914
old panvel,7500000.0,8333.33,900.0,18.98623709,73.10964265,15.830413711839864
oshiwara,43750000.0,35057.63333333333,1195.3333333333333,19.1502437,72.8342294,17.59400219362504
owale,7500000.0,7894.74,950.0,19.2678,72.9549,15.830413711839864
owe village,9500000.0,8543.17,1112.0,19.0718878,73.0757928,16.066802461833923
pale gaon,3375000.0,6399.47,517.0,19.929027,72.7717775,15.03190617858502
pali hill,115800000.0,66277.30600000001,1526.8,19.0649126,72.8270326,18.567375131738746
pali hill bandra west,910000000.0,106060.61,8580.0,19.0649126,72.8270326,20.628955158574072
palm beach,41000000.0,26588.85,1542.0,19.04624605,73.00890969,17.529082649058825
panch pakhadi,18554166.666666668,23847.369166666667,779.4166666666666,19.1955,72.9652,16.736204993840232
panchkutir ganesh nagar,175000000.0,38251.37,4575.0,19.1219,72.9099,18.980296537602072
pandurang wadi,12500000.0,23809.52,525.0,19.17201314,72.85104891,16.341239282272525
pant nagar,11150000.0,20699.135000000002,531.0,19.0833305,72.9115042,16.226950145556497
panvel,10164613.636363637,12012.043295454547,850.2272727272727,18.9910971,73.12058456,16.13442309349109
parel,51471809.52380952,37455.4080952381,1690.9761904761904,19.0084268,72.842505,17.756544847303438
parel east,27000000.0,25714.29,1050.0,18.96997284,72.83248536,17.11134746100564
parsik nagar ,6500000.0,9090.91,715.0,19.2082421,73.010126,15.687312888712007
patlipada,19700000.0,21947.495,864.5,19.2493501,72.9760694,16.796129244469636
peddar road,134250000.0,60825.0,2250.0,18.97537997,72.80907318,18.71521429880204
pirojshanagar,51100000.0,36754.138,1346.0,19.1016734,72.9236504,17.749295074743404
pokharan road,19180000.0,26947.610999999997,706.7,19.23653596,72.9699809,16.769378679557207
pokhran 2,28646875.0,22391.6740625,1223.0625,19.21439975,72.95960779,17.1705549550401
police colony,13000000.0,22807.02,570.0,19.0470382,72.842896,16.380459992348886
poonam gardens,7225000.0,13003.91,580.0,19.2847,72.8719,15.793057930371065
poonam sagar complex,6500000.0,10833.33,600.0,19.272503,72.861148,15.687312888712007
powai,31693220.33898305,29568.879152542373,1146.8813559322034,19.1187195,72.9073476,17.271613378093956
prabhadevi,102704545.45454545,54097.54727272727,1887.0454545454545,19.0074717,72.8358965,18.44736694319396
prathana samaj,41500000.0,51875.0,800.0,18.9572494,72.8195089,17.541204009297314
prem nagar,22500000.0,34615.38,650.0,19.0591872,72.8708902,16.929025911619092
pushpa park,8800000.0,22448.98,392.0,19.1872999,72.8584547,15.990262393084793
pushpak nagar,8324200.0,12639.3425,656.5,19.9765767,73.8310236,15.934677613248818
rabodi,6500000.0,11818.18,550.0,19.2043191,72.98348762,15.687312888712007
raheja vihar,19500000.0,20761.296666666665,1018.3333333333334,19.11916625,72.89512336,16.785925074816024
rajan pada,11000000.0,19469.03,565.0,19.1797,72.8335,16.213405921671733
ram krishna nagar,45000000.0,31034.48,1450.0,19.0737385,72.8390229,17.622173069956816
ranwar,8000000.0,20000.0,400.0,19.0537259,72.8275798,15.894952224644102
rcf colony chembur,9500000.0,17272.73,550.0,19.04153105,72.9019065,16.066802461833923
roadpali,10764818.181818182,10053.298181818182,1213.2727272727273,19.04160165,73.09372971,16.191793891781025
rohinjan,6117333.333333333,13092.769999999999,466.6666666666667,19.08667998,73.0794569155,15.626636993153088
sagaon,5250000.0,9382.24,539.5,19.190974,73.093028,15.473738825043979
sahar road,24166666.666666668,28454.318888888887,845.3333333333334,19.11124382,72.85314175,17.000484872536102
sai nagar,6600000.0,6000.0,1100.0,19.1490182,72.9257057,15.702580358511794
sai wadi,34000000.0,25660.38,1325.0,18.9545905,72.8208444,17.341871111992198
sainath nagar,11500000.0,17164.18,670.0,19.0941778,72.9108738,16.257857680289998
sakinaka,15350000.0,21140.18,724.0,19.09885801,72.88095518,16.546626097144056
sambhaji nagar,48971428.571428575,31735.117142857143,1550.0,19.877263,75.3390241,17.706747616052656
sanpada,43364705.88235294,25462.055882352943,1446.764705882353,19.06597735,73.0095329,17.585156462763955
santacruz,62500000.0,62500.0,1000.0,19.0792887,72.8471185,17.95067713070663
santacruz east,21680000.0,31942.464,669.0,19.07818055,72.86777517,16.891900780661178
santacruz west,73073333.33333333,52806.37266666666,1459.7333333333333,19.0844004,72.8372899,18.106974074768626
savarkar road,5200000.0,8965.52,580.0,19.2204821,73.0913261,15.46416937585933
seawoods,34980000.0,27814.315777777778,1349.8666666666666,19.02136825,73.01893898,17.370287056142494
sector - 9 new panvel east,6100000.0,7625.0,800.0,18.594,73.065,15.623799493077952
sector 10 kharghar,16625000.0,14465.538333333332,1174.4583333333333,19.0525298,73.0735111,16.626418204656567
sector 10 kopar khairane,12000000.0,15000.0,800.0,19.1056227,72.9988648,16.300417291085605
sector 10 new panvel,12500000.0,10204.08,1225.0,18.9993761,73.1239899,16.341239282272525
sector 10a airoli,21000000.0,16746.41,1254.0,19.1471021,72.9878663,16.860033043306743
sector 11 ghansoli,25000000.0,15151.52,1650.0,19.1190978,72.99261249,17.034386422832473
sector 11 kamothe,5525000.0,9161.165,595.0,19.0173837,73.0954838,15.52479398636355
sector 11 khanda colony,13000000.0,13813.000000000002,1012.5,19.03773415,73.06419187,16.380459992348886
sector 11 kharghar,17483333.333333332,13305.741666666667,1357.8333333333333,19.0525298,73.0735111,16.6767586613358
sector 11 koparkhairane,10037500.0,15755.87625,666.75,19.10580467,72.99873983,16.121838736863552
sector 11 sanpada,17000000.0,15454.55,1100.0,19.0607337,73.0116775,16.648723960844016
sector 12 kharghar,17328571.42857143,19296.178571428572,984.7142857142857,19.0446047,73.0645399,16.667867282567126
sector 13 kharghar,11833333.333333334,12742.303333333335,975.6666666666666,19.0525298,73.0735111,16.286431050284573
sector 14 koparkhairane,14000000.0,13333.33,1050.0,19.10580467,72.99873983,16.454567959008102
sector 14 nerul,105833333.33333333,27112.75333333333,3900.0,19.0370909,73.0233188,18.47737609707773
sector 14 vashi,30933333.333333332,22351.940000000002,1371.6666666666667,19.075784,72.9952364,17.247344941415903
sector 15 belapur,30818181.818181816,28005.51454545454,1136.6363636363637,19.0257331,73.0420988,17.24361542499473
sector 15 ghansoli,15900000.0,17596.49,945.0,19.1229321,72.99130752,16.58182973008354
sector 15 kamothe,7500000.0,8706.295,875.0,19.0173837,73.0954838,15.830413711839864
sector 15 kharghar,12450000.0,11274.745,1109.3333333333333,19.038895,73.08039297,16.337231261196273
sector 15 kopar khairane,9500000.0,14843.75,640.0,19.1056227,72.9988648,16.066802461833923
sector 16 kalamboli,7000000.0,9150.33,765.0,19.0392786,73.0992311,15.76142084987672
sector 16 kharghar,5750000.0,11988.635,475.0,19.0525298,73.0735111,15.564710586686562
sector 16 sanpada,30000000.0,20202.02,1485.0,19.0595341,73.00438537,17.216707972959764
sector 16 ulwe,10040000.0,9365.189999999999,3222.6,18.9707794,73.0215336,16.122087771829445
sector 16a nerul,20750000.0,20373.980000000003,1002.5,19.016804,73.096458,16.84805685283375
sector 17 kalamboli,9700000.0,7747.6,1252.0,19.0358309,73.1034796,16.08763654656639
sector 17 kamothe,8440000.0,8574.405,980.0,19.0173837,73.0954838,15.948492985055545
sector 17 kopar khairane,7150000.0,12372.55,580.0,19.1056227,72.9988648,15.78262305453032
sector 17 new panvel east,10733333.333333334,21336.346666666668,497.3333333333333,18.9928,73.1221,16.188864815014224
sector 17 roadpali,4800000.0,7164.18,670.0,19.04160165,73.09372971,15.38412668421143
sector 17 ulwe,10005666.666666666,10847.158888888887,930.3333333333334,18.9707794,73.0215336,16.11866225707342
sector 18 kamothe,9975000.0,9134.386,1097.2,19.0138,73.09,16.115592620990824
sector 18 kharghar,13000000.0,15994.173333333334,906.6666666666666,19.0471,73.08,16.380459992348886
sector 18 kopar khairane,11000000.0,11578.95,950.0,19.1028516,73.0030748,16.213405921671733
sector 18 new panvel east,15500000.0,11923.08,1300.0,19.0016,73.1202,16.5563506464056
sector 18 ulwe,8671428.57142857,7594.284285714287,1112.4285714285713,19.07,73.0066,15.975544222295659
sector 19 airoli,17075000.0,15920.71,1082.75,19.1593193,72.9906831,16.65312602198628
sector 19 kamothe,7366666.666666667,7960.343333333333,951.6666666666666,19.0173837,73.0954838,15.812476013566469
sector 19 kharghar,17950000.0,11593.576,1540.5,19.0525298,73.0735111,16.703100728608867
sector 19 koper khairane,11000000.0,15850.14,694.0,19.1046,72.9999,16.213405921671733
sector 19 ulwe,7050000.0,8705.2875,816.5,18.9707794,73.0215336,15.768538316632412
sector 19a nerul,35500000.0,24482.76,1450.0,19.0168,73.0965,17.385043282614657
sector 2 charkop,13166666.666666666,19155.843333333334,686.6666666666666,19.21299625,72.8222443,16.393199017152604
sector 2 ghansoli,16000000.0,14953.27,1070.0,19.1193307,72.9995096,16.588099342704055
sector 2 ulwe,8666666.666666666,8818.09,971.6666666666666,18.9707794,73.0215336,15.974994922702255
sector 20 kamothe,7366666.666666667,8212.660000000002,908.3333333333334,19.0165,73.0962,15.812476013566469
sector 20 kharghar,14283333.333333334,12093.75,1195.0,19.0477591,73.07037624,16.47460398435162
sector 20 koparkhairane,16500000.0,19387.695,957.5,19.1086,73.0006,16.61887099947687
sector 20 nerul,10750000.0,8054.635,1377.5,19.03160615,73.0142513,16.190416405561198
sector 20 roadpali,7987500.0,8303.1175,1018.75,19.0377,73.0903,15.893388502863537
sector 20 sanpada,90700000.0,16490.91,5500.0,19.0595341,73.00438537,18.323067926110724
sector 20 ulwe,6700000.0,8338.168,804.4,18.978,73.0295,15.717618233614914
sector 20b airoli,17000000.0,12977.1,1310.0,19.162134,72.9963398,16.648723960844016
sector 21 ghansoli,8750000.0,9681.465,892.5,19.1295931,72.99682636,15.984564372619506
sector 21 kamothe,7516666.666666667,10241.18,765.1666666666666,19.0173837,73.0954838,15.832633468282538
sector 21 kharghar,14300000.0,11669.54,1215.6666666666667,19.0525298,73.0735111,16.475770165160203
sector 21 ulwe,9500000.0,10114.119999999999,2924.4,18.9707794,73.0215336,16.066802461833923
sector 22 kamothe,8320833.333333333,11178.760833333334,832.0,19.0173837,73.0954838,15.934273088218362
sector 23 kharghar,40900000.0,19831.904,2084.0,19.0525298,73.0735111,17.52664064546291
sector 23 taloja,10200000.0,20000.0,510.0,19.0754826,73.0921912,16.13789837629371
sector 23 ulwe,7283333.333333333,7370.259999999999,953.6666666666666,18.9707794,73.0215336,15.801099328137525
sector 24 kamothe,8633333.333333334,9219.166666666666,951.3333333333334,19.0119,73.1003,15.971141353831765
sector 25 kamothe,5800000.0,8285.71,700.0,19.0173837,73.0954838,15.573368647930426
sector 25 khandeshhwar,7800000.0,9313.805,839.5,19.0102,73.1007,15.86963441986494
sector 25 nerul,17500000.0,15909.09,1100.0,19.0370749,73.0124752,16.677711496036597
sector 25 ulwe,3400000.0,5762.71,590.0,18.9707794,73.0215336,15.039286283703994
sector 26 vashi,7000000.0,15418.5,454.0,19.075784,72.9952364,15.76142084987672
sector 27 kharghar,11666666.666666666,12041.393333333333,914.0,19.036146,73.0617213,16.27224641649986
sector 27 nerul,17500000.0,15597.15,1122.0,19.0193,73.025,16.677711496036597
sector 29 nerul,26411111.111111112,24000.568888888887,1136.111111111111,19.0370749,73.0124752,17.089295392857053
sector 29 vashi,23450000.0,19158.1325,1247.5,19.0895371,73.005083,16.970381095500485
sector 29c airoli,12733333.333333334,14107.79,940.0,19.162134,72.9963398,16.359733863442724
sector 3 airoli,7300000.0,17176.47,425.0,19.1582719,72.9967088,15.803385043104912
sector 3 kharghar,10175000.0,9697.725,1050.0,19.0525298,73.0735111,16.135444387573028
sector 3 ulwe,6666666.666666667,8339.693333333335,800.3333333333334,18.9707794,73.0215336,15.712630692850144
sector 30 belapur,18000000.0,14308.43,1258.0,19.0257331,73.0420988,16.705882371415992
sector 30 kharghar,9000000.0,7260.7300000000005,1213.6666666666667,19.0525298,73.0735111,16.012735246411598
sector 30a vashi,18250000.0,17045.785,1022.5,19.0643025,72.9999608,16.719675692787295
sector 31 kamothe,8800000.0,7333.33,1200.0,19.016804,73.096458,15.990262393084793
sector 34 kamothe,9800000.0,9314.003333333334,1036.6666666666667,19.0206,73.0855,16.097893045681612
sector 34a kharghar,11500000.0,12252.494999999999,926.5,19.0525298,73.0735111,16.257857680289998
sector 34b kharghar,10250000.0,12598.85,860.0,19.0525298,73.0735111,16.142788361109663
sector 34c kharghar,16350000.0,17242.927499999998,1138.25,19.0525298,73.0735111,16.609738516469616
sector 35 kamothe,7000000.0,9066.03,768.5,19.0173837,73.0954838,15.76142084987672
sector 35d kharghar,12081250.0,9431.47625,1263.75,19.0525298,73.0735111,16.307165304711667
sector 35e kharghar,11250000.0,13817.362,868.0,19.0669,73.0713,16.23587877550359
sector 35g kharghar,13562500.0,12887.8225,1104.75,19.0525298,73.0735111,16.42281926299767
sector 35i kharghar,10744444.444444444,12078.75,914.8888888888889,19.0474,73.0698,16.189899476158654
sector 36 kamothe,6968000.0,8792.18,817.0,19.0253,73.09,15.756838941027668
sector 36 kharghar,11125000.0,12793.705,855.0,19.0773,73.0757,16.224705475904216
"sector 37, kharghar navi mumbai",8999000.0,7499.17,1200.0,19.0782,73.0789,16.01262412913954
sector 38 seawoods,30466666.666666668,19405.0,1551.6666666666667,19.0191159,73.01343754,17.232143780579026
sector 4 ghansoli,7100000.0,11544.72,615.0,19.1145086,73.00199767,15.775605482856605
sector 4 kalamboli,3500000.0,6903.35,507.0,19.0358309,73.1034796,15.068273812173887
sector 4 kharghar,16666666.666666666,12634.92,1350.0,19.0525298,73.0735111,16.628921334724307
sector 4 kopar khairane,12500000.0,11649.58,1073.0,19.1056227,72.9988648,16.341239282272525
sector 42 seawoods,35000000.0,16587.68,2110.0,19.0190834,73.01761682,17.370858648025116
sector 44 seawoods,6400000.0,16842.11,380.0,19.0147714,73.0135972,15.671808704579888
sector 44a seawoods,23800000.0,14717.923333333332,1600.0,19.012699,73.01160014,16.98519618065851
sector 46 a seawoods,32500000.0,17333.33,1875.0,19.0107,73.0127,17.296750678069195
sector 5 kamothe,7400000.0,7562.445,1004.0,19.0173837,73.0954838,15.816990693309524
sector 5 new panvel east,7966666.666666667,8445.6,956.6666666666666,19.005,73.118,15.890776853756634
sector 5 ulwe,10383333.333333334,8292.231666666667,1244.1666666666667,18.9707794,73.0215336,16.155712610837806
sector 50 seawoods,33285714.285714287,17500.485714285714,1908.5714285714287,19.009779150000004,73.01707049,17.32063889251758
sector 58 seawoods,42500000.0,28333.33,1500.0,19.0191159,73.01343754,17.565014657424058
sector 6 kharghar,17112500.0,13961.377499999999,1102.5,19.0525298,73.0735111,16.655319807015655
sector 6 nerul,9625000.0,11828.36,851.25,19.0370749,73.0124752,16.079874542034222
sector 7 kamothe,5600000.0,8235.29,680.0,19.0173837,73.0954838,15.53827733427679
sector 7 kharghar,17250000.0,12356.385,1365.0,19.0331695,73.0658742,16.663322759412655
sector 7 kopar khairane,12000000.0,18412.695,750.0,19.1056227,72.9988648,16.300417291085605
sector 8 airoli,13918181.818181818,17887.84181818182,757.4545454545455,19.1481414,72.994905,16.448706659678002
sector 8 charkop,10050000.0,19669.355,510.0,19.216097,72.8147689,16.12308329197184
sector 8 ghansoli,12500000.0,17857.14,700.0,19.12024585,72.99595293,16.341239282272525
sector 8 kopar khairane,12000000.0,10434.78,1150.0,19.1056227,72.9988648,16.300417291085605
sector 8 sanpada,34563333.333333336,30684.61466666667,1112.6666666666667,19.0607337,73.0116775,17.358303976798744
sector 8 ulwe,8975000.0,8431.1525,1051.25,18.9707794,73.0215336,16.00995360375922
sector 9 airoli,6000000.0,9400.0,637.5,19.1486945,72.9922501,15.607270193858982
sector 9 khanda colony,5700000.0,12258.06,465.0,19.0094,73.1114,15.555976908243359
sector 9 kopar khairane,24621428.57142857,31170.945714285717,793.0,19.1056227,72.9988648,17.019127742486862
sector 9 new panvel,4500000.0,8256.88,545.0,18.9993761,73.1239899,15.319588176962746
sector 9 sanpada,17666666.666666668,19829.77666666667,910.0,19.0607337,73.0116775,16.687190239452057
sector 9 ulwe,8680000.0,10664.196363636363,893.0,18.9707794,73.0215336,15.976532201843899
sector-46a seawoods,39900000.0,16625.0,2400.0,19.012699,73.01160014,17.50188690692275
seven bunglow,56750000.0,38601.8675,1462.5,19.1291,72.8198,17.85416623194693
sewri,33300000.0,33254.415,1031.5,18.9987796,72.8544218,17.3210679849807
shahbaz village,3300000.0,5500.0,600.0,19.0143516,73.035853,15.009433329466965
shakti nagar,8000000.0,15094.34,530.0,19.1427366,72.83343092,15.894952224644102
shanti park,6200000.0,11676.08,531.0,19.4164585,72.82125837,15.64006001130563
shapur baug,31000000.0,26909.72,1152.0,18.9601,72.8176,17.249497794707484
shastri nagar,131846153.84615384,34291.00384615385,4018.4615384615386,17.8879571,76.4844453,18.69714630724506
sher e punjab colony,10600000.0,24882.63,426.0,19.1276887,72.8627819,16.176364653421913
shilphata,5957692.307692308,10025.724615384615,630.5384615384615,19.1430394,73.0467879,15.600193935215827
shirdon,3650000.0,5615.38,650.0,18.9342,73.1379,15.11023799953124
shivai nagar,7500000.0,11718.75,640.0,19.2168021,72.9564294,15.830413711839864
shivaji nagar,30250000.0,34620.994999999995,868.0,18.532172,73.8496602,17.225006775498976
shivaji park,67650000.0,51085.32,1398.25,19.02727875,72.83839775,18.029857927363036
shivaji udyog nagar,3500000.0,7777.78,450.0,19.2067,73.0948,15.068273812173887
shri ram nagar,2200000.0,3481.01,632.0,21.1038625,79.1143726,14.603968372873895
siddharth nagar,18350000.0,28514.77,601.0,18.5654242,73.81363048,16.725140186960765
sindhi society chembur,21150000.0,31239.07,683.25,19.0514063,72.88885158,16.867150510737883
sindhu nagar,65000000.0,29545.45,2200.0,18.9971479,72.8463921,17.989897843244528
sion east,62623076.92307692,38702.127692307695,1548.0,19.0428153,72.8653563,17.952644425051222
sion west,24500000.0,27222.22,900.0,19.0474971,72.8638738,17.01418371633128
somwari bazar,13000000.0,21666.67,600.0,19.1815,72.8419,16.380459992348886
sonar pada,3300000.0,7081.55,466.0,19.1844,73.0957,15.009433329466965
subhash nagar,15500000.0,23588.235,675.0,21.1233162,79.0420532,16.5563506464056
sunder nagar,9200000.0,22716.05,405.0,19.1732766,72.8407686,16.034714150714915
sv patel nagar,55450000.0,29809.65,1929.25,19.07778413,72.8335628,17.830992289794914
tagore nagar,12956250.0,21607.816875,617.125,19.1196145,72.9343142,16.37708893234905
tagore nagar road,9500000.0,24234.69,392.0,19.11123195,72.93265285,16.066802461833923
takshashila nagar,11000000.0,15277.78,720.0,19.07167355,72.82870294,16.213405921671733
taloja,4221750.0,9242.7575,467.625,19.0754826,73.0921912,15.255760528862952
taloja panchanand,5333333.333333333,5378.536666666667,965.0,19.079148,73.0878581,15.489487179035928
taloja phase 1,4550000.0,4924.24,924.0,19.0754826,73.0921912,15.330638010707329
tardeo,74000000.0,47731.420000000006,1356.0,18.9722687,72.8204976,18.119575664681957
tata colony,17000000.0,20000.0,850.0,18.9328673,73.4867763,16.648723960844016
teen hath naka,19860000.0,21723.2,991.2,19.1883779,72.9635894,16.804218266933766
tembhi naka,21059666.666666668,18565.596666666665,1198.0,19.197023,72.9772156,16.862870284235367
thakur complex,11800000.0,26222.22,450.0,19.21124415,72.86431075,16.283610174181653
thakur village,47533333.333333336,30873.096666666665,1415.0,19.2097189,72.8759248,17.67694179831423
thakurli,7264142.857142857,9900.188571428573,760.0,19.225562199999995,73.0968165,15.798461003189257
thane west,16778030.303030305,17249.47621212121,944.9848484848485,19.18652695,72.97492235,16.635580928105455
tilak nagar,15300000.0,22765.896,669.0,19.0692377,72.8978464,16.54336345172214
titwala,3704857.1428571427,6403.327142857143,623.0,19.2948464,73.20510120000002,15.125155527951557
turbhe,3450000.0,4423.08,780.0,19.0761648,73.01766154,15.053885078862573
ulhasnagar,11900000.0,15716.06,835.3333333333334,19.2236329,73.1671515,16.29204904211537
ulwe,9996913.793103449,12209.800689655174,888.2931034482758,18.9707794,73.0215336,16.117787082666364
union park,112000000.0,70000.0,1600.0,19.0718905,72.8244456,18.53400943818794
upper govind nagar,46000000.0,31724.14,1450.0,19.9843,73.7787,17.6441519761925
upper worli,118125000.0,53473.7425,2226.75,18.9869676,72.8285467,18.58725395224379
usarli khurd,3000000.0,4411.76,680.0,18.291109,73.131744,14.914123179965662
vaishali nagar,12980000.0,23198.052000000003,605.0,19.185558,72.9470569,16.378920346281816
vaithara nagar,12000000.0,18130.95,670.0,19.1661238,72.9488873,16.300417291085605
vangani,2100000.0,2234.04,940.0,19.0943323,73.3008946,14.557448378884015
varap,2453000.0,5475.45,448.0,19.2499,73.1844,14.712822730904628
vardhman nagar,27000000.0,25552.879999999997,1075.0,19.1795251,72.94887962,17.11134746100564
vartak nagar,9585571.42857143,16031.017142857143,619.5714285714286,19.2155371,72.9627101,16.075769653969346
vasai,7259000.0,7639.9125,990.5,19.3428238,72.805441,15.797752774026991
vasai east,3904500.0,9650.875,432.5,19.4036749,72.82579056,15.177640548199573
vasai west,5681538.461538462,7416.177692307692,777.8461538461538,19.4424434,72.8094667,15.552732785935804
vasant vihar,14775000.0,17413.95625,849.375,19.2224897,72.9663424,16.50844718893833
vashi,42169444.44444445,30271.046111111107,1547.0555555555557,19.0632481,72.99879656,17.557206475160687
vasind,3000000.0,4195.8,715.0,19.4065089,73.2674683,14.914123179965662
vazira,14000000.0,25454.55,550.0,19.2289622,72.8448146,16.454567959008102
veera desai industrial estate,16000000.0,17777.78,900.0,19.13918195,72.83665629,16.588099342704055
veera desai road,14250000.0,23289.809999999998,667.0,19.13616726,72.83756396,16.47226753485437
versova,108166666.66666667,44725.338333333326,2232.6666666666665,19.13025205,72.8213775,18.499183814685303
vichumbe,4450000.0,6009.275,737.75,18.9857,73.1347,15.308414878861498
vichumbe new panvel,5500000.0,5238.1,1050.0,18.9857,73.1347,15.520258832020865
vidyavihar,58700000.0,46960.0,1250.0,19.0796294,72.89749147,17.8879503018341
vijay nagari,12683333.333333334,12872.12,982.5,19.2548072,72.97469706,16.355799432447483
vikhroli east,22670758.620689657,23592.506551724135,865.8965517241379,19.1172592,72.9355194,16.936586529672216
vikhroli west,17750000.0,17428.23,1025.0,19.114541,72.9257184,16.691896130223725
vile parle east,24625000.0,32431.235,732.0,19.0962884,72.8483799,17.019272785631564
vile parle west,49375000.0,32949.7775,1411.25,19.103908,72.840301,17.714954801438726
vinay nagar,8366666.666666667,14134.093333333332,578.3333333333334,19.98070035,73.79121037,15.939766234955808
virar,3600000.0,4090.91,880.0,19.4497996,72.8120613,15.096444681204078
virar east,3900000.0,6081.355,736.0,19.4579689,72.8142138,15.176487367510099
virar west,4289428.571428572,7050.060476190476,767.952380952381,19.4563788,72.8123483,15.271664315030334
vithaldas nagar,105000000.0,61117.945,1607.5,19.0771,72.8316,18.46947091764561
vrindavan,8700000.0,13181.82,660.0,19.1806843,72.96766654,15.978833698567334
wadala,34787878.78787879,35745.06272727273,999.6969696969697,19.0269192,72.8759337,17.36477960212295
wadala east,31310000.0,29911.608500000002,1014.35,19.0210175,72.85689554,17.259448125241267
wadala west,33900000.0,32269.039999999997,1050.5,19.010584,72.855362,17.338925601849205
wadeghar,4300000.0,6231.88,690.0,19.2537,73.1209,15.274125813221904
waghbil,9864285.714285715,10696.591428571428,930.0,19.2659668,72.9847705,16.10443139014007
wagle estate,13000000.0,13000.0,1000.0,19.1985175,72.9509778,16.380459992348886
walkeshwar,213333333.33333334,71967.34,3143.6666666666665,18.9524203,72.8038935,19.178366450337382
willingdon,40000000.0,36363.64,1100.0,19.0782328,72.839313,17.50439003707821
worli,128268115.94202898,59013.02130434783,2043.2028985507247,19.0116962,72.8180702,18.669633294744397
worli hill,42500000.0,50595.24,840.0,18.99902386,72.81410219,17.565014657424058
worli seaface,15900000.0,48181.82,330.0,19.0108243,72.8173474,16.58182973008354
